ad_number	applicability
2026-04-07	This AD applies to Airbus Helicopters EC120B helicopters, certificated in any category.
2026-03-09	This AD applies to Aerospace & Defense Oxygen Systems SaS (part of Safran Aerosystems) (formerly known as Air Liquide) portable breathing equipment (PBE), part number (P/N) 15-40F-11 and P/N 15- 40F-80, having a manufacturing date between March 2015 and March 2017 (inclusive), and having a serial nu
2025-25-07	This AD applies to the following General Electric Company (GE) Model engines: (1) GE90-90B and GE90-94B engines with a high pressure turbine (HPT) stage 1 disk having a part number and serial number identified in table 1 to paragraph (c) of this AD installed; and (2) GE90-110B1 and GE90-115B engines
2025-26-06	This AD applies to Aerospace & Defense Oxygen Systems SaS (part of Safran Aerosystems) (formerly known as Air Liquide) portable breathing equipment (PBE), part number (P/N) 15-40F-11 and P/N 15- 40F-80, all serial numbers. These PBEs are eligible for installation on any aircraft and may have been in
2025-21-03	This AD applies to CFM International, S.A. Model (CFM) LEAP- 1A23, LEAP-1A24, LEAP-1A24E1, LEAP-1A26, LEAP-1A26CJ, LEAP-1A26E1, LEAP-1A29, LEAP-1A29CJ, LEAP-1A30, LEAP-1A32, LEAP-1A33, LEAP- 1A33B2, and LEAP-1A35A engines with an installed high-pressure turbine (HPT) rotor stage 1 blade, having part
2025-23-04	This AD applies to the ATR--GIE Avions de Transport Régional airplanes identified in paragraphs (c)(1) and (2) of this AD, certificated in any category, as identified in European Union Aviation Safety Agency (EASA) AD 2025-0080, dated April 11, 2025; corrected April 23, 2025 (EASA AD 2025-0080). (1)
2025-25-02	This AD applies to Aerospace & Defense Oxygen Systems SaS (part of Safran Aerosystems) (formerly known as Air Liquide) portable breathing equipment (PBE), part number (P/N) 15-40F-11 and P/N 15- 40F-80, all serial numbers. These PBEs are eligible for installation on any aircraft and may have been in
2025-21-01	(1) This AD applies to all hot air balloons, certificated in any category, with a fuel cylinder installed that is fitted with Cameron Balloons Ltd. pressure relief valve (PRV) adaptor part number (P/N) CB8426. Note 1 to paragraph (c)(1): Cameron Balloons Alert Service Bulletin No. 36, Revision 2, da
2025-20-01	This AD applies to the ATR--GIE Avions de Transport Régional airplanes identified in paragraphs (c)(1) and (2) of this AD, certificated in any category, as identified in European Union Aviation Safety Agency (EASA) AD 2025-0004, dated January 7, 2025 (EASA AD 2025-0004). (1) ATR42-500 airplanes. (2)
2025-16-09	This AD applies to all airplanes, certificated in any category, with a restraint system with a Pacific Scientific Company rotary buckle assembly (buckle) part number (P/N) 1111475 (all dash numbers) or P/N 1111548-01 installed having a date of manufacture (DOM) between January 2012 and April 2013 in
2025-12-03	This AD applies to CFM International, S.A. Model (CFM) LEAP- 1A23, LEAP-1A24, LEAP-1A24E1, LEAP-1A26, LEAP-1A26CJ, LEAP-1A26E1, LEAP-1A29, LEAP-1A29CJ, LEAP-1A30, LEAP-1A32, LEAP-1A33, LEAP- 1A33B2, and LEAP-1A35A engines.
2025-12-08	This AD applies to the following General Electric Company (GE) Model engines: (1) CF34-8C1, CF34-8C5, CF34-8C5A1, CF34-8C5A2, CF34-8C5A3, and CF34-8C5B1 engines with an installed combustion chamber assembly (CCA) having part number (P/N) 4145T11G08, 4145T11G10, 4180T27G02, 4180T27G04, or 4923T82G02;
2025-11-10	(1) This AD applies to all hot air balloons, certificated in any category, with a fuel cylinder installed that is fitted with Cameron Balloons Ltd. pressure relief valve (PRV) adaptor part number CB8426. Note 1 to paragraph (c)(1): Cameron Balloons Alert Service Bulletin No. 36, Revision 1, dated Ap
2025-07-01	(1) This AD applies to Thommen Aircraft Equipment AG (THOMMEN) AC32 Digital Air Data Computers (ADCs) having an affected part as defined in paragraph (f)(1) of this AD. (2) This appliance is installed on, but not limited to, the following aircraft models specified in table 1 to paragraph (c)(2) of t
2025-07-01	(1) This AD applies to THOMMEN AIRCRAFT EQUIPMENT AG (THOMMEN) AC32 Digital Air Data Computers (ADCs) having an affected part as defined in paragraph (f)(1) of this AD. (2) This appliance is installed on, but not limited to, the following aircraft models specified in table 1 to paragraph (c)(2) of t
2025-04-12	This AD applies to the following CFM International, S.A. (CFM) Model engines: (1) LEAP-1A23, LEAP-1A24, LEAP-1A24E1, LEAP-1A26, LEAP-1A26CJ, LEAP-1A26E1, LEAP-1A29, LEAP-1A29CJ, LEAP-1A30, LEAP-1A32, LEAP- 1A33, LEAP-1A33B2, LEAP-1A35A; (2) LEAP-1B21, LEAP-1B23, LEAP-1B25, LEAP-1B27, LEAP-1B28, LEAP
2025-02-11	This AD applies to all airplane models specified in table 1 to paragraph (c) of this AD, certificated in any category, that are not equipped with a rudder having a rudder post made from 4130N low- alloy steel.  Note 1 to paragraph (c): Most parts manufacturer approval (PMA) rudders are equipped with
2025-02-04	This AD applies to Airbus SAS Model airplanes identified in paragraphs (c)(1) through (4) of this AD, certificated in any category, with an original airworthiness certificate or original export certificate of airworthiness issued on or before November 6, 2023. (1) A318-111, -112, -121, and -122 airp
2025-01-01	This AD applies to Britten-Norman Aerospace Ltd. airplanes, certificated in any category, fitted with Fairey Hydraulics Ltd or Britten-Norman Aircraft landing gear and associated landing gear components, identified in paragraphs (c)(1) and (2) of this AD. (1) Model BN-2, BN-2A, BN-2A-2, BN-2A-3, BN-
2025-01-01	This AD applies to Britten-Norman Aerospace Ltd. airplanes, certificated in any category, fitted with Fairey Hydraulics Ltd or Britten-Norman Aircraft landing gear and associated landing gear components, identified in paragraphs (c)(1) and (2) of this AD. (1) Model BN-2, BN-2A, BN-2A-2, BN-2A-3, BN-
2024-26-02	(1) This AD applies to all airplanes and helicopters, certificated in any category, with a restraint system with a Pacific Scientific Company plastic rotary buckle assembly (buckle) part number (P/N) 1111430 or P/N 1111475 (all dash numbers) installed having a date of manufacture on or before May 31
2025-03-02	This AD applies to Airbus Helicopters AS332C, AS332C1, AS332L, AS332L1, AS332L2, AS355E, AS355F, AS355F1, AS355F2, AS355N, AS355NP, AS-365N2, AS 365 N3, EC 155B, EC155B1, EC225LP, SA-365N, and SA- 365N1 helicopters, certificated in any category, with a collective pitch handle installed on a pilot or
2024-20-04	This AD applies to all helicopters, certificated in any category, with a restraint system with a Pacific Scientific Company rotary buckle assembly (buckle) part number (P/N) 1111475 (all dash numbers) or P/N 1111548-01 having a date of manufacture (DOM) between January 2012 and April 2013 inclusive,
2024-17-06	This AD applies to all BAE Systems (Operations) Limited airplanes identified in paragraphs (c)(1) and (2) of this AD, certificated in any category. (1) Model BAe 146-100A, -200A, and -300A airplanes. (2) Model Avro 146-RJ70A, -RJ85A, and -RJ100A airplanes.
2024-17-06	This AD applies to all BAE Systems (Operations) Limited airplanes identified in paragraphs (c)(1) and (2) of this AD, certificated in any category. (1) Model BAe 146-100A, -200A, and -300A airplanes. (2) Model Avro 146-RJ70A, -RJ85A, and -RJ100A airplanes.
2024-14-03	This AD applies to all airplane models specified in Table 1 to paragraph (c) of this AD, certificated in any category, having a Garmin GFC 500 Autopilot System that includes an optional GSA 28 pitch trim servo installed per Supplemental Type Certificate No. SA01866WI using Master Drawing List 005-01
2024-10-14	This AD applies to Rolls-Royce Deutschland Ltd & Co KG Trent 1000-A, Trent 1000-AE, Trent 1000-C, Trent 1000-CE, Trent 1000-D, Trent 1000-E, Trent 1000-G, and Trent 1000-H engines.
2024-08-03	This AD applies to Britten-Norman Aircraft Ltd airplanes, all serial numbers, certificated in any category, identified in paragraphs (c)(1) and (2) of this AD. (1) Model BN-2, BN-2A, BN-2A-2, BN-2A-3, BN-2A-6, BN-2A-8, BN- 2A-9, BN-2A-20, BN-2A-21, BN-2A-26, BN-2A-27, BN-2B-20, BN-2B-21, BN-2B-26, B
2024-08-03	This AD applies to Britten-Norman Aircraft Ltd airplanes, all serial numbers, certificated in any category, identified in paragraphs (c)(1) and (2) of this AD. (1) Model BN-2, BN-2A, BN-2A-2, BN-2A-3, BN-2A-6, BN-2A-8, BN- 2A-9, BN-2A-20, BN-2A-21, BN-2A-26, BN-2A-27, BN-2B-20, BN-2B-21, BN-2B-26, B
2024-06-09	This AD applies to the following CFM International, S.A. Model engines: (1) CFM56-2, CFM56-2A, CFM56-2B, CFM56-3, CFM56-3B, and CFM56-3C engines; (2) CFM56-5, CFM56-5-A1/F, CFM56-5A3, CFM56-5A4, CFM56-5A4/F, CFM56-5A5, and CFM56-5A5/F engines; (3) CFM56-5B1, CFM56-5B1/2P, CFM56-5B1/3, CFM56-5B1/P, C
2024-01-11	This AD applies to all helicopters, certified in any category, with a restraint system with a Pacific Scientific Company rotary buckle assembly (buckle) part number (P/N) 1111475 (all dash numbers) or P/N 1111548-01 installed having a date of manufacture between January 2012 and September 2012 inclu
2024-01-02	This AD applies to the airplanes identified in paragraphs (c)(1) through (3) of this AD. (1) All Lockheed Martin Corporation/Lockheed Martin Aeronautics Company Model 382, 382B, 382E, 382F, and 382G airplanes, certificated in any category. (2) All Lockheed Martin Corporation/Lockheed Martin Aeronaut
2024-01-02	This AD applies to the airplanes identified in paragraphs (c)(1) through (3) of this AD. (1) All Lockheed Martin Corporation/Lockheed Martin Aeronautics Company Model 382, 382B, 382E, 382F, and 382G airplanes, certificated in any category. (2) All Lockheed Martin Corporation/Lockheed Martin Aeronaut
2024-01-02	This AD applies to the airplanes identified in paragraphs (c)(1) through (3) of this AD. (1) All Lockheed Martin Corporation/Lockheed Martin Aeronautics Company Model 382, 382B, 382E, 382F, and 382G airplanes, certificated in any category. (2) All Lockheed Martin Corporation/Lockheed Martin Aeronaut
2024-01-02	This AD applies to the airplanes identified in paragraphs (c)(1) through (3) of this AD. (1) All Lockheed Martin Corporation/Lockheed Martin Aeronautics Company Model 382, 382B, 382E, 382F, and 382G airplanes, certificated in any category. (2) All Lockheed Martin Corporation/Lockheed Martin Aeronaut
2024-01-02	This AD applies to the airplanes identified in paragraphs (c)(1) through (3) of this AD. (1) All Lockheed Martin Corporation/Lockheed Martin Aeronautics Company Model 382, 382B, 382E, 382F, and 382G airplanes, certificated in any category. (2) All Lockheed Martin Corporation/Lockheed Martin Aeronaut
2024-01-02	This AD applies to the airplanes identified in paragraphs (c)(1) through (3) of this AD. (1) All Lockheed Martin Corporation/Lockheed Martin Aeronautics Company Model 382, 382B, 382E, 382F, and 382G airplanes, certificated in any category. (2) All Lockheed Martin Corporation/Lockheed Martin Aeronaut
2024-01-02	This AD applies to the airplanes identified in paragraphs (c)(1) through (3) of this AD. (1) All Lockheed Martin Corporation/Lockheed Martin Aeronautics Company Model 382, 382B, 382E, 382F, and 382G airplanes, certificated in any category. (2) All Lockheed Martin Corporation/Lockheed Martin Aeronaut
2023-22-06	This AD applies to the airplanes identified in paragraphs (c)(1) and (2) of this AD. (1) All Lockheed Martin Corporation/Lockheed Martin Aeronautics Company Model 382, 382B, 382E, 382F, and 382G airplanes, certificated in any category.  (2) All airplanes specified in paragraphs (c)(2)(i) through (xi
2023-22-06	This AD applies to the airplanes identified in paragraphs (c)(1) and (2) of this AD. (1) All Lockheed Martin Corporation/Lockheed Martin Aeronautics Company Model 382, 382B, 382E, 382F, and 382G airplanes, certificated in any category.  (2) All airplanes specified in paragraphs (c)(2)(i) through (xi
2023-22-06	This AD applies to the airplanes identified in paragraphs (c)(1) and (2) of this AD. (1) All Lockheed Martin Corporation/Lockheed Martin Aeronautics Company Model 382, 382B, 382E, 382F, and 382G airplanes, certificated in any category.  (2) All airplanes specified in paragraphs (c)(2)(i) through (xi
2023-22-06	This AD applies to the airplanes identified in paragraphs (c)(1) and (2) of this AD. (1) All Lockheed Martin Corporation/Lockheed Martin Aeronautics Company Model 382, 382B, 382E, 382F, and 382G airplanes, certificated in any category.  (2) All airplanes specified in paragraphs (c)(2)(i) through (xi
2023-22-06	This AD applies to the airplanes identified in paragraphs (c)(1) and (2) of this AD. (1) All Lockheed Martin Corporation/Lockheed Martin Aeronautics Company Model 382, 382B, 382E, 382F, and 382G airplanes, certificated in any category.  (2) All airplanes specified in paragraphs (c)(2)(i) through (xi
2023-22-06	This AD applies to the airplanes identified in paragraphs (c)(1) and (2) of this AD. (1) All Lockheed Martin Corporation/Lockheed Martin Aeronautics Company Model 382, 382B, 382E, 382F, and 382G airplanes, certificated in any category.  (2) All airplanes specified in paragraphs (c)(2)(i) through (xi
2023-21-05	This AD applies to Thales AVS France SAS flight management computer navigation modules (FMC2 NAVM), part number (P/N) C13084CA03, installed on, but not limited to airplanes, certificated in any category.
2023-17-09	(1) This AD applies to hot air balloons, certificated in any category, equipped with a Cameron Balloons Ltd. fuel cylinder part number (P/N) CB2990/A (the affected fuel cylinder). (2) The affected fuel cylinder may be installed on hot air balloon models including, but not limited to, those of the fo
2023-14-10	(1) This AD applies to: (i) Ipeco Holdings Limited (Ipeco) pilot and co-pilot seats with a part number (P/N) listed in Paragraph 1.A., Planning Information, Tables 1 and 2, of Ipeco Service Bulletin (SB) Number 063-25-14, Revision 00, dated August 14, 2018, and (ii) Ipeco pilot seat P/N 3A063-0099-0
2023-12-25	This AD applies to Survitec Group Limited (RFD Beaufort Ltd.) life jackets identified in paragraphs (c)(1) and (2) of this AD, having a part number and serial number identified in tables 2 through 13 of Survitec [RFD] Alert Service Bulletin 25-207-A, Version 1, dated November 24, 2021, and a date of
2023-11-10	This AD applies to all airplanes specified in paragraphs (c)(1) through (2) of this AD, certificated in any category. (1) Lockheed Martin Corporation/Lockheed Martin Aeronautics Company Model 382, 382B, 382E, 382F, 382G, and 382J airplanes. (2) The airplanes specified in paragraphs (c)(2)(i) through
2023-11-10	This AD applies to all airplanes specified in paragraphs (c)(1) through (2) of this AD, certificated in any category. (1) Lockheed Martin Corporation/Lockheed Martin Aeronautics Company Model 382, 382B, 382E, 382F, 382G, and 382J airplanes. (2) The airplanes specified in paragraphs (c)(2)(i) through
2023-11-10	This AD applies to all airplanes specified in paragraphs (c)(1) through (2) of this AD, certificated in any category. (1) Lockheed Martin Corporation/Lockheed Martin Aeronautics Company Model 382, 382B, 382E, 382F, 382G, and 382J airplanes. (2) The airplanes specified in paragraphs (c)(2)(i) through
2023-11-10	This AD applies to all airplanes specified in paragraphs (c)(1) through (2) of this AD, certificated in any category. (1) Lockheed Martin Corporation/Lockheed Martin Aeronautics Company Model 382, 382B, 382E, 382F, 382G, and 382J airplanes. (2) The airplanes specified in paragraphs (c)(2)(i) through
2023-11-10	This AD applies to all airplanes specified in paragraphs (c)(1) through (2) of this AD, certificated in any category. (1) Lockheed Martin Corporation/Lockheed Martin Aeronautics Company Model 382, 382B, 382E, 382F, 382G, and 382J airplanes. (2) The airplanes specified in paragraphs (c)(2)(i) through
2023-11-10	This AD applies to all airplanes specified in paragraphs (c)(1) through (2) of this AD, certificated in any category. (1) Lockheed Martin Corporation/Lockheed Martin Aeronautics Company Model 382, 382B, 382E, 382F, 382G, and 382J airplanes. (2) The airplanes specified in paragraphs (c)(2)(i) through
2023-11-07	This AD applies to all helicopters, certificated in any category, equipped with a radio (also known as radar) altimeter. These radio altimeters are installed on various helicopter models including, but not limited to, the helicopters for which the design approval holder is identified in paragraphs (
2023-12-11	This AD applies to all The Boeing Company 737-8, 737-9, and 737- 8200 airplanes, certificated in any category.
2023-09-09	(1) For purposes of this AD, a ``v-band coupling'' means a spot- welded, multi-segment v-band coupling installed at the tailpipe to turbocharger exhaust housing flange. (2) For purposes of this AD, ``new'' means zero hours time-in- service (TIS).
2023-10-02	This AD applies to all transport and commuter category airplanes equipped with a radio (also known as radar) altimeter. These radio altimeters are installed on various transport and commuter category airplanes including, but not limited to, the airplanes for which the design approval holder is ident
2023-09-06	This AD applies to CFM International, S.A. (CFM) LEAP-1A23, LEAP-1A24, LEAP-1A24E1, LEAP-1A26, LEAP-1A26CJ, LEAP-1A26E1, LEAP- 1A29, LEAP-1A29CJ, LEAP-1A30, LEAP-1A32, LEAP-1A33, LEAP-1A33B2, and LEAP-1A35A model turbofan engines.
2023-08-07	This AD applies to the following Allied Ag Cat Productions, Inc. airplanes, all serial numbers, certificated in any category. (1) Model G-164A airplanes with Supplemental Type Certificate (STC) No. SA7769SW, SA7966SW, or SA8720SW installed. (2) Model G-164B airplanes with STC No. SA7546SW, SA7966SW,
2023-08-07	This AD applies to the following Allied Ag Cat Productions, Inc. airplanes, all serial numbers, certificated in any category. (1) Model G-164A airplanes with Supplemental Type Certificate (STC) No. SA7769SW, SA7966SW, or SA8720SW installed. (2) Model G-164B airplanes with STC No. SA7546SW, SA7966SW,
2023-09-13	This AD applies to all airplanes specified in paragraphs (c)(1) and (2) of this AD, certificated in any category. (1) Lockheed Martin Corporation/Lockheed Martin Aeronautics Company Model 382, 382B, 382E, 382F, and 382G airplanes. (2) The airplanes specified in paragraphs (c)(2)(i) through (x) of th
2023-09-13	This AD applies to all airplanes specified in paragraphs (c)(1) and (2) of this AD, certificated in any category. (1) Lockheed Martin Corporation/Lockheed Martin Aeronautics Company Model 382, 382B, 382E, 382F, and 382G airplanes. (2) The airplanes specified in paragraphs (c)(2)(i) through (x) of th
2023-09-13	This AD applies to all airplanes specified in paragraphs (c)(1) and (2) of this AD, certificated in any category. (1) Lockheed Martin Corporation/Lockheed Martin Aeronautics Company Model 382, 382B, 382E, 382F, and 382G airplanes. (2) The airplanes specified in paragraphs (c)(2)(i) through (x) of th
2023-09-13	This AD applies to all airplanes specified in paragraphs (c)(1) and (2) of this AD, certificated in any category. (1) Lockheed Martin Corporation/Lockheed Martin Aeronautics Company Model 382, 382B, 382E, 382F, and 382G airplanes. (2) The airplanes specified in paragraphs (c)(2)(i) through (x) of th
2023-09-13	This AD applies to all airplanes specified in paragraphs (c)(1) and (2) of this AD, certificated in any category. (1) Lockheed Martin Corporation/Lockheed Martin Aeronautics Company Model 382, 382B, 382E, 382F, and 382G airplanes. (2) The airplanes specified in paragraphs (c)(2)(i) through (x) of th
2023-09-13	This AD applies to all airplanes specified in paragraphs (c)(1) and (2) of this AD, certificated in any category. (1) Lockheed Martin Corporation/Lockheed Martin Aeronautics Company Model 382, 382B, 382E, 382F, and 382G airplanes. (2) The airplanes specified in paragraphs (c)(2)(i) through (x) of th
2023-07-07	This AD applies to MHI RJ Aviation ULC airplanes, certificated in any category, and identified in paragraphs (c)(1) through (4) of this AD. (1) Model CL-600-2B19 (Regional Jet Series 100 & 440) airplanes, serial numbers 7002 through 7990 inclusive, and 8000 through 8113 inclusive. (2) Model CL-600-2
2023-07-07	This AD applies to MHI RJ Aviation ULC airplanes, certificated in any category, and identified in paragraphs (c)(1) through (4) of this AD. (1) Model CL-600-2B19 (Regional Jet Series 100 & 440) airplanes, serial numbers 7002 through 7990 inclusive, and 8000 through 8113 inclusive. (2) Model CL-600-2
2023-07-07	This AD applies to MHI RJ Aviation ULC airplanes, certificated in any category, and identified in paragraphs (c)(1) through (4) of this AD. (1) Model CL-600-2B19 (Regional Jet Series 100 & 440) airplanes, serial numbers 7002 through 7990 inclusive, and 8000 through 8113 inclusive. (2) Model CL-600-2
2023-07-07	This AD applies to MHI RJ Aviation ULC airplanes, certificated in any category, and identified in paragraphs (c)(1) through (4) of this AD. (1) Model CL-600-2B19 (Regional Jet Series 100 & 440) airplanes, serial numbers 7002 through 7990 inclusive, and 8000 through 8113 inclusive. (2) Model CL-600-2
2023-07-07	This AD applies to MHI RJ Aviation ULC airplanes, certificated in any category, and identified in paragraphs (c)(1) through (4) of this AD. (1) Model CL-600-2B19 (Regional Jet Series 100 & 440) airplanes, serial numbers 7002 through 7990 inclusive, and 8000 through 8113 inclusive. (2) Model CL-600-2
2023-06-14	This AD applies to: (1) Pratt & Whitney Canada Corporation (P&WC) PW308A model turbofan engines with build specification (BS) BS935 and BS1249, serial numbers PCE-CE0180 and prior; and (2) P&WC PW308C model turbofan engines with BS1047 and BS1238, serial numbers PCE-CF0967 and prior.
2023-06-06	This AD applies to all MHI RJ Aviation ULC airplanes, certificated in any category, identified in paragraphs (c)(1) through (5) of this AD. (1) Model CL-600-2C10 (Regional Jet Series 700, 701 & 702) airplanes. (2) Model CL-600-2C11 (Regional Jet Series 550) airplanes. (3) Model CL-600-2D15 (Regional
2023-06-06	This AD applies to all MHI RJ Aviation ULC airplanes, certificated in any category, identified in paragraphs (c)(1) through (5) of this AD. (1) Model CL-600-2C10 (Regional Jet Series 700, 701 & 702) airplanes. (2) Model CL-600-2C11 (Regional Jet Series 550) airplanes. (3) Model CL-600-2D15 (Regional
2023-06-06	This AD applies to all MHI RJ Aviation ULC airplanes, certificated in any category, identified in paragraphs (c)(1) through (5) of this AD. (1) Model CL-600-2C10 (Regional Jet Series 700, 701 & 702) airplanes. (2) Model CL-600-2C11 (Regional Jet Series 550) airplanes. (3) Model CL-600-2D15 (Regional
2023-06-06	This AD applies to all MHI RJ Aviation ULC airplanes, certificated in any category, identified in paragraphs (c)(1) through (5) of this AD. (1) Model CL-600-2C10 (Regional Jet Series 700, 701 & 702) airplanes. (2) Model CL-600-2C11 (Regional Jet Series 550) airplanes. (3) Model CL-600-2D15 (Regional
2023-06-06	This AD applies to all MHI RJ Aviation ULC airplanes, certificated in any category, identified in paragraphs (c)(1) through (5) of this AD. (1) Model CL-600-2C10 (Regional Jet Series 700, 701 & 702) airplanes. (2) Model CL-600-2C11 (Regional Jet Series 550) airplanes. (3) Model CL-600-2D15 (Regional
